Workbook

Sheet META_VENDEDOR
A1: FILIAL | B1: CONTRATO | C1: VENDEDOR | D1: RCA | E1: PESO FATURAMENTO | F1: META FATURAMENTO | G1: PESO POSITIVAÇÃO | H1: META POSITIVAÇÃO | I1: PESO FATURAMENTO PERNOD | J1: META FATURAMENTO PERNOD | K1: PESO FATURAMENTO CRS | L1: META FATURAMENTO CRS | M1: PESO FATURAMENTO ESSENZA | N1: META FATURAMENTO ESSENZA | O1: MÊS
A2: SP 3 | B2: RCA - NOVOS | C2: ADELINO SANTOS - OFF TRADE | D2: 479 | E2: 0 | F2: 20000 | G2: 0 | H2: 10 | I2: 0 | J2: 10000 | K2: 0 | L2: 0 | M2: 0 | N2: 0 | O2: 46174
A3: SP3 | B3: RCA - ANTIGO | C3: ADER ALONSO - OFF TRADE | D3: 426 | E3: 0 | F3: 800000 | G3: 0 | H3: 40 | I3: 0 | J3: 600000 | K3: 0 | L3: 10000 | M3: 0.05 | N3: 0 | O3: 46174
A4: SP2 | B4: CLT | C4: ANDERSON CANAVEIS - OFF TRADE | D4: 232 | E4: 0 | F4: 800000 | G4: 0 | H4: 1 | I4: 0 | J4: 800000 | K4: 0 | L4: 0 | M4: 0 | N4: 0 | O4: 46174
A5: SP 1 | B5: RCA - NOVOS | C5: ANDRE PINHEIRO - OFF TRADE | D5: 485 | E5: 0 | F5: 10000 | G5: 0 | H5: 5 | I5: 0 | J5: 5000 | K5: 0 | L5: 0 | M5: 0 | N5: 0 | O5: 46174
A6: SP2 | B6: CLT | C6: ANDRE SILVA - OFF TRADE | D6: 391 | E6: 0.6 | F6: 350000 | G6: 0.1 | H6: 20 | I6: 0.1 | J6: 150000 | K6: 0.05 | L6: 12000 | M6: 0.15 | N6: 3000 | O6: 46174
A7: SP3 | B7: RCA - ANTIGO | C7: BRUNO BARBOSA - OFF TRADE | D7: 425 | E7: 0 | F7: 50000 | G7: 0 | H7: 15 | I7: 0 | J7: 20000 | K7: 0 | L7: 0 | M7: 0.05 | N7: 0 | O7: 46174
A8: SP2 | B8: CLT | C8: CARLOS DE ALMEIDA - OFF TRADE | D8: 371 | E8: 0.6 | F8: 400000 | G8: 0.1 | H8: 35 | I8: 0.1 | J8: 320000 | K8: 0.05 | L8: 12000 | M8: 0.15 | N8: 3000 | O8: 46174
A9: SP1 | B9: RCA - ANTIGO | C9: CARLOS TERRA - OFF TRADE | D9: 310 | E9: 0 | F9: 50000 | G9: 0 | H9: 1 | I9: 0 | J9: 50000 | K9: 0 | L9: 0 | M9: 0.05 | N9: 0 | O9: 46174
A10: SP 1 | B10: RCA - NOVOS | C10: CIARA PADULA - OFF TRADE | D10: 465 | E10: 0 | F10: 50000 | G10: 0 | H10: 20 | I10: 0 | J10: 50000 | K10: 0 | L10: 3000 | M10: 0 | N10: 2000 | O10: 46174
A11: SP 1 | B11: RCA - NOVOS | C11: CRISTIANE MORAIS - OFF TRADE | D11: 460 | E11: 0 | F11: 80000 | G11: 0 | H11: 30 | I11: 0 | J11: 50000 | K11: 0 | L11: 5000 | M11: 0 | N11: 2000 | O11: 46174
A12: SP 1 | B12: RCA - NOVOS | C12: DANIELLE DOS SANTOS - OFF TRADE | D12: 466 | E12: 0 | F12: 50000 | G12: 0 | H12: 15 | I12: 0 | J12: 15000 | K12: 0 | L12: 2000 | M12: 0 | N12: 2000 | O12: 46174
A13: SP 3 | B13: RCA - NOVOS | C13: ELIZANGELA RODRIGUES - OFF TRADE | D13: 462 | E13: 0 | F13: 150000 | G13: 0 | H13: 2 | I13: 0 | J13: 120000 | K13: 0 | L13: 0 | M13: 0 | N13: 0 | O13: 46174
... A55: SP 2 | B55: RCA - NOVOS | C55: PAULO MOREIRA - OFF TRADE | D55: 500 | E55: 0 | F55: 0 | G55: 0 | H55: 0 | I55: 0 | J55: 0 | K55: 0 | L55: 0 | M55: 0 | N55: 0 | O55: 46174
A56: SP1 | B56: CLT | C56: JOAQUIM ANGELO - OFF TRADE | D56: =_xlfn.XLOOKUP(C56,META_VENDEDOR!$C:$C,META_VENDEDOR!$D:$D) -> #N/A | E56: =_xlfn.XLOOKUP(C56,'[1]METAS JULHO'!$A:$A,'[1]METAS JULHO'!$F:$F) -> 0.55 | F56: =_xlfn.XLOOKUP(C56,'[1]METAS JULHO'!$A:$A,'[1]METAS JULHO'!$D:$D) -> 50000 | G56: =_xlfn.XLOOKUP(C56,'[1]METAS JULHO'!$A:$A,'[1]METAS JULHO'!$X:$X) -> 0.05 | H56: =_xlfn.XLOOKUP(C56,'[1]METAS JULHO'!$A:$A,'[1]METAS JULHO'!$V:$V) -> 10 | I56: =_xlfn.XLOOKUP(C56,'[1]METAS JULHO'!$A:$A,'[1]METAS JULHO'!$O:$O) -> 0.1 | J56: =_xlfn.XLOOKUP(C56,'[1]METAS JULHO'!$A:$A,'[1]METAS JULHO'!$M:$M) -> 10000 | K56: =_xlfn.XLOOKUP(C56,'[1]METAS JULHO'!$A:$A,'[1]METAS JULHO'!$Q:$Q) -> 0 | L56: =_xlfn.XLOOKUP(C56,'[1]METAS JULHO'!$A:$A,'[1]METAS JULHO'!$P:$P) -> 5000 | M56: =_xlfn.XLOOKUP(C56,'[1]METAS JULHO'!$A:$A,'[1]METAS JULHO'!$L:$L) -> 0.05 | N56: =_xlfn.XLOOKUP(C56,'[1]METAS JULHO'!$A:$A,'[1]METAS JULHO'!$J:$J) -> 2000 | O56: 46204
A57: SP1 | B57: CLT | C57: RENATO JUNIOR - OFF TRADE | D57: =_xlfn.XLOOKUP(C57,META_VENDEDOR!$C:$C,META_VENDEDOR!$D:$D) -> 468 | E57: =_xlfn.XLOOKUP(C57,'[1]METAS JULHO'!$A:$A,'[1]METAS JULHO'!$F:$F) -> 0.55 | F57: =_xlfn.XLOOKUP(C57,'[1]METAS JULHO'!$A:$A,'[1]METAS JULHO'!$D:$D) -> 200000 | G57: =_xlfn.XLOOKUP(C57,'[1]METAS JULHO'!$A:$A,'[1]METAS JULHO'!$X:$X) -> 0.05 | H57: =_xlfn.XLOOKUP(C57,'[1]METAS JULHO'!$A:$A,'[1]METAS JULHO'!$V:$V) -> 20 | I57: =_xlfn.XLOOKUP(C57,'[1]METAS JULHO'!$A:$A,'[1]METAS JULHO'!$O:$O) -> 0.1 | J57: =_xlfn.XLOOKUP(C57,'[1]METAS JULHO'!$A:$A,'[1]METAS JULHO'!$M:$M) -> 120000 | K57: =_xlfn.XLOOKUP(C57,'[1]METAS JULHO'!$A:$A,'[1]METAS JULHO'!$Q:$Q) -> 0 | L57: =_xlfn.XLOOKUP(C57,'[1]METAS JULHO'!$A:$A,'[1]METAS JULHO'!$P:$P) -> 40000 | M57: =_xlfn.XLOOKUP(C57,'[1]METAS JULHO'!$A:$A,'[1]METAS JULHO'!$L:$L) -> 0.05 | N57: =_xlfn.XLOOKUP(C57,'[1]METAS JULHO'!$A:$A,'[1]METAS JULHO'!$J:$J) -> 6000 | O57: 46204
A58: SP2 | B58: CLT | C58: ANDERSON CANAVEIS - OFF TRADE | D58: =_xlfn.XLOOKUP(C58,META_VENDEDOR!$C:$C,META_VENDEDOR!$D:$D) -> 232 | E58: =_xlfn.XLOOKUP(C58,'[1]METAS JULHO'!$A:$A,'[1]METAS JULHO'!$F:$F) -> 0.7 | F58: =_xlfn.XLOOKUP(C58,'[1]METAS JULHO'!$A:$A,'[1]METAS JULHO'!$D:$D) -> 1800000 | G58: =_xlfn.XLOOKUP(C58,'[1]METAS JULHO'!$A:$A,'[1]METAS JULHO'!$X:$X) -> 0 | H58: =_xlfn.XLOOKUP(C58,'[1]METAS JULHO'!$A:$A,'[1]METAS JULHO'!$V:$V) -> 0 | I58: =_xlfn.XLOOKUP(C58,'[1]METAS JULHO'!$A:$A,'[1]METAS JULHO'!$O:$O) -> 0.1 | J58: =_xlfn.XLOOKUP(C58,'[1]METAS JULHO'!$A:$A,'[1]METAS JULHO'!$M:$M) -> 1000000 | K58: =_xlfn.XLOOKUP(C58,'[1]METAS JULHO'!$A:$A,'[1]METAS JULHO'!$Q:$Q) -> 0 | L58: =_xlfn.XLOOKUP(C58,'[1]METAS JULHO'!$A:$A,'[1]METAS JULHO'!$P:$P) -> 100000 | M58: =_xlfn.XLOOKUP(C58,'[1]METAS JULHO'!$A:$A,'[1]METAS JULHO'!$L:$L) -> 0.05 | N58: =_xlfn.XLOOKUP(C58,'[1]METAS JULHO'!$A:$A,'[1]METAS JULHO'!$J:$J) -> 10000 | O58: 46204
A59: SP2 | B59: CLT | C59: ANDRE SILVA - OFF TRADE | D59: =_xlfn.XLOOKUP(C59,META_VENDEDOR!$C:$C,META_VENDEDOR!$D:$D) -> 391 | E59: =_xlfn.XLOOKUP(C59,'[1]METAS JULHO'!$A:$A,'[1]METAS JULHO'!$F:$F) -> 0.55 | F59: =_xlfn.XLOOKUP(C59,'[1]METAS JULHO'!$A:$A,'[1]METAS JULHO'!$D:$D) -> 400000 | G59: =_xlfn.XLOOKUP(C59,'[1]METAS JULHO'!$A:$A,'[1]METAS JULHO'!$X:$X) -> 0.05 | H59: =_xlfn.XLOOKUP(C59,'[1]METAS JULHO'!$A:$A,'[1]METAS JULHO'!$V:$V) -> 20 | I59: =_xlfn.XLOOKUP(C59,'[1]METAS JULHO'!$A:$A,'[1]METAS JULHO'!$O:$O) -> 0.1 | J59: =_xlfn.XLOOKUP(C59,'[1]METAS JULHO'!$A:$A,'[1]METAS JULHO'!$M:$M) -> 200000 | K59: =_xlfn.XLOOKUP(C59,'[1]METAS JULHO'!$A:$A,'[1]METAS JULHO'!$Q:$Q) -> 0 | L59: =_xlfn.XLOOKUP(C59,'[1]METAS JULHO'!$A:$A,'[1]METAS JULHO'!$P:$P) -> 40000 | M59: =_xlfn.XLOOKUP(C59,'[1]METAS JULHO'!$A:$A,'[1]METAS JULHO'!$L:$L) -> 0.05 | N59: =_xlfn.XLOOKUP(C59,'[1]METAS JULHO'!$A:$A,'[1]METAS JULHO'!$J:$J) -> 5000 | O59: 46204
A60: SP2 | B60: CLT | C60: CARLOS DE ALMEIDA - OFF TRADE | D60: =_xlfn.XLOOKUP(C60,META_VENDEDOR!$C:$C,META_VENDEDOR!$D:$D) -> 371 | E60: =_xlfn.XLOOKUP(C60,'[1]METAS JULHO'!$A:$A,'[1]METAS JULHO'!$F:$F) -> 0.55 | F60: =_xlfn.XLOOKUP(C60,'[1]METAS JULHO'!$A:$A,'[1]METAS JULHO'!$D:$D) -> 400000 | G60: =_xlfn.XLOOKUP(C60,'[1]METAS JULHO'!$A:$A,'[1]METAS JULHO'!$X:$X) -> 0.05 | H60: =_xlfn.XLOOKUP(C60,'[1]METAS JULHO'!$A:$A,'[1]METAS JULHO'!$V:$V) -> 20 | I60: =_xlfn.XLOOKUP(C60,'[1]METAS JULHO'!$A:$A,'[1]METAS JULHO'!$O:$O) -> 0.1 | J60: =_xlfn.XLOOKUP(C60,'[1]METAS JULHO'!$A:$A,'[1]METAS JULHO'!$M:$M) -> 250000 | K60: =_xlfn.XLOOKUP(C60,'[1]METAS JULHO'!$A:$A,'[1]METAS JULHO'!$Q:$Q) -> 0 | L60: =_xlfn.XLOOKUP(C60,'[1]METAS JULHO'!$A:$A,'[1]METAS JULHO'!$P:$P) -> 40000 | M60: =_xlfn.XLOOKUP(C60,'[1]METAS JULHO'!$A:$A,'[1]METAS JULHO'!$L:$L) -> 0.05 | N60: =_xlfn.XLOOKUP(C60,'[1]METAS JULHO'!$A:$A,'[1]METAS JULHO'!$J:$J) -> 5000 | O60: 46204
A61: SP2 | B61: CLT | C61: WILLIAM ROBERTO - OFF TRADE | D61: =_xlfn.XLOOKUP(C61,META_VENDEDOR!$C:$C,META_VENDEDOR!$D:$D) -> #N/A | E61: =_xlfn.XLOOKUP(C61,'[1]METAS JULHO'!$A:$A,'[1]METAS JULHO'!$F:$F) -> 0.55 | F61: =_xlfn.XLOOKUP(C61,'[1]METAS JULHO'!$A:$A,'[1]METAS JULHO'!$D:$D) -> 80000 | G61: =_xlfn.XLOOKUP(C61,'[1]METAS JULHO'!$A:$A,'[1]METAS JULHO'!$X:$X) -> 0.05 | H61: =_xlfn.XLOOKUP(C61,'[1]METAS JULHO'!$A:$A,'[1]METAS JULHO'!$V:$V) -> 20 | I61: =_xlfn.XLOOKUP(C61,'[1]METAS JULHO'!$A:$A,'[1]METAS JULHO'!$O:$O) -> 0.1 | J61: =_xlfn.XLOOKUP(C61,'[1]METAS JULHO'!$A:$A,'[1]METAS JULHO'!$M:$M) -> 20000 | K61: =_xlfn.XLOOKUP(C61,'[1]METAS JULHO'!$A:$A,'[1]METAS JULHO'!$Q:$Q) -> 0 | L61: =_xlfn.XLOOKUP(C61,'[1]METAS JULHO'!$A:$A,'[1]METAS JULHO'!$P:$P) -> 10000 | M61: =_xlfn.XLOOKUP(C61,'[1]METAS JULHO'!$A:$A,'[1]METAS JULHO'!$L:$L) -> 0.05 | N61: =_xlfn.XLOOKUP(C61,'[1]METAS JULHO'!$A:$A,'[1]METAS JULHO'!$J:$J) -> 2000 | O61: 46204
A62: SP3 | B62: CLT | C62: PRISCILLA BONACHE - OFF TRADE | D62: =_xlfn.XLOOKUP(C62,META_VENDEDOR!$C:$C,META_VENDEDOR!$D:$D) -> 470 | E62: =_xlfn.XLOOKUP(C62,'[1]METAS JULHO'!$A:$A,'[1]METAS JULHO'!$F:$F) -> 0.7 | F62: =_xlfn.XLOOKUP(C62,'[1]METAS JULHO'!$A:$A,'[1]METAS JULHO'!$D:$D) -> 2200000 | G62: =_xlfn.XLOOKUP(C62,'[1]METAS JULHO'!$A:$A,'[1]METAS JULHO'!$X:$X) -> 0 | H62: =_xlfn.XLOOKUP(C62,'[1]METAS JULHO'!$A:$A,'[1]METAS JULHO'!$V:$V) -> 0 | I62: =_xlfn.XLOOKUP(C62,'[1]METAS JULHO'!$A:$A,'[1]METAS JULHO'!$O:$O) -> 0.1 | J62: =_xlfn.XLOOKUP(C62,'[1]METAS JULHO'!$A:$A,'[1]METAS JULHO'!$M:$M) -> 1000000 | K62: =_xlfn.XLOOKUP(C62,'[1]METAS JULHO'!$A:$A,'[1]METAS JULHO'!$Q:$Q) -> 0 | L62: =_xlfn.XLOOKUP(C62,'[1]METAS JULHO'!$A:$A,'[1]METAS JULHO'!$P:$P) -> 100000 | M62: =_xlfn.XLOOKUP(C62,'[1]METAS JULHO'!$A:$A,'[1]METAS JULHO'!$L:$L) -> 0.05 | N62: =_xlfn.XLOOKUP(C62,'[1]METAS JULHO'!$A:$A,'[1]METAS JULHO'!$J:$J) -> 10000 | O62: 46204
A63: SP3 | B63: CLT | C63: LEONARDO FLOREZI - OFF TRADE | D63: =_xlfn.XLOOKUP(C63,META_VENDEDOR!$C:$C,META_VENDEDOR!$D:$D) -> 486 | E63: =_xlfn.XLOOKUP(C63,'[1]METAS JULHO'!$A:$A,'[1]METAS JULHO'!$F:$F) -> 0.55 | F63: =_xlfn.XLOOKUP(C63,'[1]METAS JULHO'!$A:$A,'[1]METAS JULHO'!$D:$D) -> 110000 | G63: =_xlfn.XLOOKUP(C63,'[1]METAS JULHO'!$A:$A,'[1]METAS JULHO'!$X:$X) -> 0.05 | H63: =_xlfn.XLOOKUP(C63,'[1]METAS JULHO'!$A:$A,'[1]METAS JULHO'!$V:$V) -> 20 | I63: =_xlfn.XLOOKUP(C63,'[1]METAS JULHO'!$A:$A,'[1]METAS JULHO'!$O:$O) -> 0.1 | J63: =_xlfn.XLOOKUP(C63,'[1]METAS JULHO'!$A:$A,'[1]METAS JULHO'!$M:$M) -> 50000 | K63: =_xlfn.XLOOKUP(C63,'[1]METAS JULHO'!$A:$A,'[1]METAS JULHO'!$Q:$Q) -> 0 | L63: =_xlfn.XLOOKUP(C63,'[1]METAS JULHO'!$A:$A,'[1]METAS JULHO'!$P:$P) -> 20000 | M63: =_xlfn.XLOOKUP(C63,'[1]METAS JULHO'!$A:$A,'[1]METAS JULHO'!$L:$L) -> 0.05 | N63: =_xlfn.XLOOKUP(C63,'[1]METAS JULHO'!$A:$A,'[1]METAS JULHO'!$J:$J) -> 5000 | O63: 46204
A64: SP3 | B64: CLT | C64: PATRICIA RAMOS - OFF TRADE | D64: =_xlfn.XLOOKUP(C64,META_VENDEDOR!$C:$C,META_VENDEDOR!$D:$D) -> 469 | E64: =_xlfn.XLOOKUP(C64,'[1]METAS JULHO'!$A:$A,'[1]METAS JULHO'!$F:$F) -> 0.55 | F64: =_xlfn.XLOOKUP(C64,'[1]METAS JULHO'!$A:$A,'[1]METAS JULHO'!$D:$D) -> 110000 | G64: =_xlfn.XLOOKUP(C64,'[1]METAS JULHO'!$A:$A,'[1]METAS JULHO'!$X:$X) -> 0.05 | H64: =_xlfn.XLOOKUP(C64,'[1]METAS JULHO'!$A:$A,'[1]METAS JULHO'!$V:$V) -> 20 | I64: =_xlfn.XLOOKUP(C64,'[1]METAS JULHO'!$A:$A,'[1]METAS JULHO'!$O:$O) -> 0.1 | J64: =_xlfn.XLOOKUP(C64,'[1]METAS JULHO'!$A:$A,'[1]METAS JULHO'!$M:$M) -> 50000 | K64: =_xlfn.XLOOKUP(C64,'[1]METAS JULHO'!$A:$A,'[1]METAS JULHO'!$Q:$Q) -> 0 | L64: =_xlfn.XLOOKUP(C64,'[1]METAS JULHO'!$A:$A,'[1]METAS JULHO'!$P:$P) -> 20000 | M64: =_xlfn.XLOOKUP(C64,'[1]METAS JULHO'!$A:$A,'[1]METAS JULHO'!$L:$L) -> 0.05 | N64: =_xlfn.XLOOKUP(C64,'[1]METAS JULHO'!$A:$A,'[1]METAS JULHO'!$J:$J) -> 5000 | O64: 46204
A65: SP1 | B65: RCA - ANTIGO | C65: CARLOS TERRA - OFF TRADE | D65: =_xlfn.XLOOKUP(C65,META_VENDEDOR!$C:$C,META_VENDEDOR!$D:$D) -> 310 | E65: =_xlfn.XLOOKUP(C65,'[1]METAS JULHO'!$A:$A,'[1]METAS JULHO'!$F:$F) -> 0 | F65: =_xlfn.XLOOKUP(C65,'[1]METAS JULHO'!$A:$A,'[1]METAS JULHO'!$D:$D) -> 120000 | G65: =_xlfn.XLOOKUP(C65,'[1]METAS JULHO'!$A:$A,'[1]METAS JULHO'!$X:$X) -> 0 | H65: =_xlfn.XLOOKUP(C65,'[1]METAS JULHO'!$A:$A,'[1]METAS JULHO'!$V:$V) -> 1 | I65: =_xlfn.XLOOKUP(C65,'[1]METAS JULHO'!$A:$A,'[1]METAS JULHO'!$O:$O) -> 0 | J65: =_xlfn.XLOOKUP(C65,'[1]METAS JULHO'!$A:$A,'[1]METAS JULHO'!$M:$M) -> 0 | K65: =_xlfn.XLOOKUP(C65,'[1]METAS JULHO'!$A:$A,'[1]METAS JULHO'!$Q:$Q) -> 0 | L65: =_xlfn.XLOOKUP(C65,'[1]METAS JULHO'!$A:$A,'[1]METAS JULHO'!$P:$P) -> 0 | M65: =_xlfn.XLOOKUP(C65,'[1]METAS JULHO'!$A:$A,'[1]METAS JULHO'!$L:$L) -> 0 | N65: =_xlfn.XLOOKUP(C65,'[1]METAS JULHO'!$A:$A,'[1]METAS JULHO'!$J:$J) -> 0 | O65: 46204
A66: SP2 | B66: RCA - ANTIGO | C66: ROBSON DA SILVA - OFF TRADE | D66: =_xlfn.XLOOKUP(C66,META_VENDEDOR!$C:$C,META_VENDEDOR!$D:$D) -> 317 | E66: =_xlfn.XLOOKUP(C66,'[1]METAS JULHO'!$A:$A,'[1]METAS JULHO'!$F:$F) -> 0 | F66: =_xlfn.XLOOKUP(C66,'[1]METAS JULHO'!$A:$A,'[1]METAS JULHO'!$D:$D) -> 70000 | G66: =_xlfn.XLOOKUP(C66,'[1]METAS JULHO'!$A:$A,'[1]METAS JULHO'!$X:$X) -> 0 | H66: =_xlfn.XLOOKUP(C66,'[1]METAS JULHO'!$A:$A,'[1]METAS JULHO'!$V:$V) -> 15 | I66: =_xlfn.XLOOKUP(C66,'[1]METAS JULHO'!$A:$A,'[1]METAS JULHO'!$O:$O) -> 0 | J66: =_xlfn.XLOOKUP(C66,'[1]METAS JULHO'!$A:$A,'[1]METAS JULHO'!$M:$M) -> 30000 | K66: =_xlfn.XLOOKUP(C66,'[1]METAS JULHO'!$A:$A,'[1]METAS JULHO'!$Q:$Q) -> 0 | L66: =_xlfn.XLOOKUP(C66,'[1]METAS JULHO'!$A:$A,'[1]METAS JULHO'!$P:$P) -> 0 | M66: =_xlfn.XLOOKUP(C66,'[1]METAS JULHO'!$A:$A,'[1]METAS JULHO'!$L:$L) -> 0 | N66: =_xlfn.XLOOKUP(C66,'[1]METAS JULHO'!$A:$A,'[1]METAS JULHO'!$J:$J) -> 0 | O66: 46204
A67: SP2 | B67: RCA - ANTIGO | C67: JOAO LUPORINI - OFF TRADE | D67: =_xlfn.XLOOKUP(C67,META_VENDEDOR!$C:$C,META_VENDEDOR!$D:$D) -> 312 | E67: =_xlfn.XLOOKUP(C67,'[1]METAS JULHO'!$A:$A,'[1]METAS JULHO'!$F:$F) -> 0 | F67: =_xlfn.XLOOKUP(C67,'[1]METAS JULHO'!$A:$A,'[1]METAS JULHO'!$D:$D) -> 10000 | G67: =_xlfn.XLOOKUP(C67,'[1]METAS JULHO'!$A:$A,'[1]METAS JULHO'!$X:$X) -> 0 | H67: =_xlfn.XLOOKUP(C67,'[1]METAS JULHO'!$A:$A,'[1]METAS JULHO'!$V:$V) -> 3 | I67: =_xlfn.XLOOKUP(C67,'[1]METAS JULHO'!$A:$A,'[1]METAS JULHO'!$O:$O) -> 0 | J67: =_xlfn.XLOOKUP(C67,'[1]METAS JULHO'!$A:$A,'[1]METAS JULHO'!$M:$M) -> 0 | K67: =_xlfn.XLOOKUP(C67,'[1]METAS JULHO'!$A:$A,'[1]METAS JULHO'!$Q:$Q) -> 0 | L67: =_xlfn.XLOOKUP(C67,'[1]METAS JULHO'!$A:$A,'[1]METAS JULHO'!$P:$P) -> 0 | M67: =_xlfn.XLOOKUP(C67,'[1]METAS JULHO'!$A:$A,'[1]METAS JULHO'!$L:$L) -> 0 | N67: =_xlfn.XLOOKUP(C67,'[1]METAS JULHO'!$A:$A,'[1]METAS JULHO'!$J:$J) -> 1000 | O67: 46204
... A103: SP3 | B103: RCA - NOVOS | C103: RODRIGO LIMA - OFF TRADE | D103: =_xlfn.XLOOKUP(C103,META_VENDEDOR!$C:$C,META_VENDEDOR!$D:$D) -> 476 | E103: =_xlfn.XLOOKUP(C103,'[1]METAS JULHO'!$A:$A,'[1]METAS JULHO'!$F:$F) -> 0 | F103: =_xlfn.XLOOKUP(C103,'[1]METAS JULHO'!$A:$A,'[1]METAS JULHO'!$D:$D) -> 130000 | G103: =_xlfn.XLOOKUP(C103,'[1]METAS JULHO'!$A:$A,'[1]METAS JULHO'!$X:$X) -> 0 | H103: =_xlfn.XLOOKUP(C103,'[1]METAS JULHO'!$A:$A,'[1]METAS JULHO'!$V:$V) -> 40 | I103: =_xlfn.XLOOKUP(C103,'[1]METAS JULHO'!$A:$A,'[1]METAS JULHO'!$O:$O) -> 0 | J103: =_xlfn.XLOOKUP(C103,'[1]METAS JULHO'!$A:$A,'[1]METAS JULHO'!$M:$M) -> 50000 | K103: =_xlfn.XLOOKUP(C103,'[1]METAS JULHO'!$A:$A,'[1]METAS JULHO'!$Q:$Q) -> 0 | L103: =_xlfn.XLOOKUP(C103,'[1]METAS JULHO'!$A:$A,'[1]METAS JULHO'!$P:$P) -> 10000 | M103: =_xlfn.XLOOKUP(C103,'[1]METAS JULHO'!$A:$A,'[1]METAS JULHO'!$L:$L) -> 0 | N103: =_xlfn.XLOOKUP(C103,'[1]METAS JULHO'!$A:$A,'[1]METAS JULHO'!$J:$J) -> 2000 | O103: 46204

Sheet META_SUPERVISOR
A1: CONTRATO | B1: NOME | C1: MÊS | D1: META FATURAMENTO | E1: PESO FATURAMENTO | F1: META POSITIVAÇÃO | G1: PESO POSITIVAÇÃO | H1: META FATURAMENTO PERNOD | I1: PESO FATURAMENTO PERNOD | J1: META FATURAMENTO CRS | K1: PESO FATURAMENTO CRS | L1: META FATURAMENTO ESSENZA | M1: PESO FATURAMENTO ESSENZA | N1: META FATURAMENTO CASTAS | O1: PESO FATURAMENTO CASTAS
A2: SUPERVISOR | B2: PRISCILLA BONACHE | C2: 46174 | D2: 1700000 | E2: 0.4 | F2: 130 | G2: 0.25 | H2: 1000000 | I2: 0.1 | J2: 20000 | K2: 0.05 | L2: 5000 | M2: 0.2
A3: SUPERVISOR | B3: ANDERSON CANAVEIS | C3: 46174 | D3: 1600000 | E3: 0.4 | F3: 90 | G3: 0.25 | H3: 1000000 | I3: 0.1 | J3: 20000 | K3: 0.05 | L3: 2000 | M3: 0.2
A4: SUPERVISOR | B4: PRISCILLA BONACHE | C4: 46204 | D4: 2200000 | E4: 0.7 | H4: 1000000 | I4: 0.1 | J4: 100000 | K4: 0.05 | L4: 10000 | M4: 0.05 | N4: 20000 | O4: 0.1
A5: SUPERVISOR | B5: ANDERSON CANAVEIS | C5: 46204 | D5: 1800000 | E5: 0.7 | H5: 1000000 | I5: 0.1 | J5: 100000 | K5: 0.05 | L5: 10000 | M5: 0.05 | N5: 20000 | O5: 0.1

Sheet META_GERENTE
A1: CONTRATO | B1: NOME | C1: MÊS | D1: META FATURAMENTO | E1: PESO FATURAMENTO | F1: META POSITIVAÇÃO | G1: PESO POSITIVAÇÃO | H1: META FATURAMENTO PERNOD | I1: PESO FATURAMENTO PERNOD | J1: META FATURAMENTO CRS | K1: PESO FATURAMENTO CRS | L1: META FATURAMENTO ESSENZA | M1: PESO FATURAMENTO ESSENZA | N1: META FATURAMENTO CASTAS | O1: PESO FATURAMENTO CASTAS | P1: META FATURAMENTO ESSENZA + HOB | Q1: PESO FATURAMENTO ESSENZA + HOB
A2: GERENTE | B2: MARCUS TANAMACHI | C2: 46174 | D2: 4100000 | E2: 0.8 | F2: 380 | G2: 0.1 | H2: 3100000 | I2: 0.05 | J2: 100000 | K2: 0.05 | L2: 20000 | M2: 0
A3: GERENTE | B3: MARCUS TANAMACHI | C3: 46204 | D3: 5300000 | E3: 0.7 | H3: 3000000 | I3: 0.05 | J3: 300000 | K3: 0.05 | N3: 80000 | O3: 0.1 | P3: 35000 | Q3: 0.1
